"","node.centrality.Betweenness","node.centrality.Closeness","node.centrality.Strength","node.centrality.ExpectedInfluence"
"shame",2,0.0121736365339882,0.611105430737044,0.611105430737044
"guilty",6,0.0131863866788626,0.717923382122225,0.717923382122225
"overvalwtsh",1,0.0101468689195558,0.252887701171558,0.252887701171558
"worryoverwhelm",0,0.0101752834159956,0.318027518825078,0.318027518825078
"fearloc",2,0.01022931436213,0.222202478922011,0.222202478922011
"mistakes",1,0.0124823068172163,0.448768196209345,0.448768196209345
"emo_overwhelm",0,NA,0,0
"ineffective",0,0.0102719598144551,0.272929777558943,0.272929777558943
